﻿<?xml version="1.0" encoding="UTF-8"?>
<bundle xmlns="http://v8.1c.ru/8.2/addin/bundle">
  <component os="Windows" path="AddInExampleSetup.exe" type="plugin" object="com.1c.enterprise.addin.example" arch="i386" client="Firefox" clientVersion="40.*"/> 
  <component os="Windows" path="AddInExampleSetup.exe" type="plugin" object="com.1c.enterprise.addin.example" arch="x86_64" client="Firefox" clientVersion="40.*"/>
  <component os="Linux" path="AddInChrLin32.sh" type="plugin" object="com.1c.enterprise.addin.example" arch="i386" client="Firefox" clientVersion="40.*"/>
  <component os="Linux" path="AddInChrLin64.sh" type="plugin" object="com.1c.enterprise.addin.example" arch="x86_64" client="Firefox" clientVersion="40.*"/>
  <component os="Windows" path="AddIn_IEWindows_x86.cab" type="plugin" object="AddInIE.AddInServiceEx" arch="i386" client="MSIE"/>
  <component os="Windows" path="AddIn_IEWindows_x64.cab" type="plugin" object="AddInIE.AddInServiceEx" arch="x86_64" client="MSIE"/>
  <component os="Windows" path="AddInExampleSetup.exe" type="plugin" object="com.1c.enterprise.addin.example" arch="i386" client="Chrome" />
  <component os="Windows" path="AddInExampleSetup.exe" type="plugin" object="com.1c.enterprise.addin.example" arch="x86_64" client="Chrome" />
  <component os="Linux" path="AddInChrLin32.sh" type="plugin" object="com.1c.enterprise.addin.example" arch="i386" client="Chrome" />
  <component os="Linux" path="AddInChrLin64.sh" type="plugin" object="com.1c.enterprise.addin.example" arch="x86_64" client="Chrome" />
  <component os="MacOS" path="AddIn_SafMacOS_x86.pkg" type="plugin" object="application/component-example-1" arch="i386" client="Safari" />
  <component os="Windows" path="AddInNativeWin32.dll" type="native" arch="i386"/>
  <component os="Windows" path="AddInNativeWin64.dll" type="native" arch="x86_64"/>
  <component os="Linux" path="libAddInNativeLin32.so" type="native" arch="i386"/>
  <component os="Linux" path="libAddInNativeLin64.so" type="native" arch="x86_64"/>
</bundle>
