<?xml version="1.0" encoding="iso-8859-1"?>
<FileList>
  <File Name="..\..\..\..\JCL\examples\vcl\debugextension\JclDebugIdeC50.bpk"/>
  <File Name="..\..\..\..\JCL\examples\vcl\debugextension\JclDebugIdeC60.bpk"/>
  <File Name="..\..\..\..\JCL\examples\vcl\debugextension\SIMDView\JclSIMDTestBCBProject.bpr"/>
  <File Name="..\..\..\..\JCL\examples\vcl\debugextension\SIMDView\JclSIMDViewC5.bpk"/>
  <File Name="..\..\..\..\JCL\examples\vcl\debugextension\SIMDView\JclSIMDViewC6.bpk"/>
  <File Name="..\..\..\..\JCL\examples\vcl\debugextension\threadnames\ThreadNameExpertC50.bpk"/>
  <File Name="..\..\..\..\JCL\examples\vcl\debugextension\threadnames\ThreadNameExpertC60.bpk"/>
  <File Name="..\..\..\..\JCL\examples\vcl\idefavopendialogs\IdeOpenDlgFavoriteC50.bpk"/>
  <File Name="..\..\..\..\JCL\examples\vcl\idefavopendialogs\IdeOpenDlgFavoriteC60.bpk"/>
  <File Name="..\..\..\..\JCL\examples\vcl\projectanalyzer\ProjectAnalyzerC50.bpk"/>
  <File Name="..\..\..\..\JCL\examples\vcl\projectanalyzer\ProjectAnalyzerC60.bpk"/>
  <File Name="..\..\..\..\JCL\packages\c5\CJCL50.bpk"/>
  <File Name="..\..\..\..\JCL\packages\c5\template.bpk"/>
  <File Name="..\..\..\..\JCL\packages\c6\CJcl.bpk"/>
  <File Name="..\..\..\..\JCL\packages\c6\CJclVcl.bpk"/>
  <File Name="..\..\..\..\JCL\packages\c6\CJclVClx.bpk"/>
  <File Name="..\..\..\..\JCL\packages\c6\template.bpk"/>
  <File Name="..\..\..\..\JCL\packages\k3\CJcl.bpk"/>
  <File Name="..\..\..\..\JCL\packages\k3\CJclVClx.bpk"/>
  <File Name="BPRfixBCB.bpr"/>
  <File Name="..\..\examples\JvAni\BCB\JvAni.bpr"/>
  <File Name="..\..\examples\JvAppHotKey\BCB\JvAppHotKeyDemo.bpr"/>
  <File Name="..\..\examples\JvAppInstances\BCB\JvAppInstancesDemo.bpr"/>
  <File Name="..\..\examples\JvArrowButton\BCB\JvArrowButtonDemo.bpr"/>
  <File Name="..\..\examples\JvAviCapture\BCB\JvAviCaptureDemo.bpr"/>
  <File Name="..\..\examples\JvBalloonHint\BCB\JvBalloonHintDemo.bpr"/>
  <File Name="..\..\examples\JvBehaviorLabel\BCB\JvBehaviorLabelDemo.bpr"/>
  <File Name="..\..\examples\JvBMPAnimator\BCB\JvBMPAnimatorDemo.bpr"/>
  <File Name="..\..\examples\JvBrowseFolder\BCB\JvBrowseFolder.bpr"/>
  <File Name="..\..\examples\JvCaptionButton\BCB\JvCaptionButtonDemo.bpr"/>
  <File Name="..\..\examples\JvChangeNotify\BCB\JvChangeNotifyDemo.bpr"/>
  <File Name="..\..\examples\JvCharMap\BCB\JvCharMapDemo.bpr"/>
  <File Name="..\..\examples\JvChartDemo\BCB\JvChartDemo.bpr"/>
  <File Name="..\..\examples\JvCheckBoxRadioButton\BCB\JvCheckBoxRadioButtonDemo.bpr"/>
  <File Name="..\..\examples\JvCheckTreeView\BCB\JvCheckTreeViewDemo.bpr"/>
  <File Name="..\..\examples\JvClipboardViewer\BCB\JvClipboardViewerDemo.bpr"/>
  <File Name="..\..\examples\JVCLMegaDemo\BCB\JVCLMegaDemo.bpr"/>
  <File Name="..\..\examples\JvColorButton\BCB\JvColorButtonDemo.bpr"/>
  <File Name="..\..\examples\JvColorCombo\BCB\JvColorCombo.bpr"/>
  <File Name="..\..\examples\JvDesktopAlert\BCB\JvDesktopAlertDemo.bpr"/>
  <File Name="..\..\examples\JvDocking\AdvanceDemo\BCB_Source\AdvancePro_CB5.bpr"/>
  <File Name="..\..\examples\JvDocking\AdvanceDemo\BCB_Source\AdvancePro_CB6.bpr"/>
  <File Name="..\..\examples\JvDocking\DockOptionDemo\Source\BCB\DockOptionDemo.bpr"/>
  <File Name="..\..\examples\JvDocking\HowtoUse\Project1_CB.bpr"/>
  <File Name="..\..\examples\JvDotNetCtrls\BCB\DotNetCtrlsDemo.bpr"/>
  <File Name="..\..\examples\JvFullColorCircleDialog\BCB\JvFullColorCircleDialogDemo.bpr"/>
  <File Name="..\..\examples\JvFullColorDialog\BCB\JvFullColorDialogDemo.bpr"/>
  <File Name="..\..\examples\JvInspector\BCB\JvInspectorDemo.bpr"/>
  <File Name="..\..\examples\JvManagedThreads\Balls\BCB\BallsDemo.bpr"/>
  <File Name="..\..\examples\JvManagedThreads\Philosophers\BCB\PhilisophersDemo.bpr"/>
  <File Name="..\..\examples\JvMenus\BCB\JvMenusExample.bpr"/>
  <File Name="..\..\examples\JvShellHook\BCB\JvShellHookDemo.bpr"/>
  <File Name="..\..\examples\JvSHFileOperation\BCB\ShFileOpDemo.bpr"/>
  <File Name="..\..\examples\JvSimpleXML\BCB\JvSimpleXMLDemo.bpr"/>
  <File Name="..\..\examples\JvSimpleXML Encode\BCB\JvSimpleXMLEncodeDemo.bpr"/>
  <File Name="..\..\examples\JvSimpleXML Encode\BCB\JvSimpleXMLSpeedTest.bpr"/>
  <File Name="..\..\examples\JvSimpleXML Validator\BCB\XMLValidator.bpr"/>
  <File Name="..\..\examples\JvStarfield\BCB\JvStarfieldDemo.bpr"/>
  <File Name="..\..\examples\JvStringGrid\BCB\JvStringGridDemo.bpr"/>
  <File Name="..\..\examples\JvSystemPopup\BCB\JvSystemPopupProj.bpr"/>
  <File Name="..\..\examples\JvSystemPopUp2\BCB\SystemPopupTest.bpr"/>
  <File Name="..\..\examples\JvThread\BCB\JvThreadProj.bpr"/>
  <File Name="..\..\examples\JvTimeline\BCB\TimeLineDemo.bpr"/>
  <File Name="..\..\examples\JvTipOfDay\BCB\TipsDemo.bpr"/>
  <File Name="..\..\examples\JvTMTimeLine\BCB\SimpleTLTest1.bpr"/>
  <File Name="..\..\examples\JvTransparentButton\BCB\TransparentButtonDemo.bpr"/>
  <File Name="..\..\examples\JvTrayIcon\BCB\JvTrayIconDemo.bpr"/>
  <File Name="..\..\examples\JvTreeViewAsMenu\BCB\JvTreeViewAsMenu.bpr"/>
  <File Name="..\..\examples\JvUIB\BCB\Backup\backup.bpr"/>
  <File Name="..\..\examples\JvUIB\BCB\Blob\AsStream\BlobStream.bpr"/>
  <File Name="..\..\examples\JvUIB\BCB\Blob\AsString\BlobSample.bpr"/>
  <File Name="..\..\examples\JvUIB\BCB\Cursor\Cursor.bpr"/>
  <File Name="..\..\examples\JvUIB\BCB\DataPump\DataPump.bpr"/>
  <File Name="..\..\examples\JvUIB\BCB\Metadata\MetaData.bpr"/>
  <File Name="..\..\examples\JvUIB\BCB\Query\query.bpr"/>
  <File Name="..\..\examples\JvUIB\BCB\QuickScript\QuickScript.bpr"/>
  <File Name="..\..\examples\JvUIB\BCB\Restore\Restore.bpr"/>
  <File Name="..\..\examples\JvUIB\BCB\StoredProc\StoredProc.bpr"/>
  <File Name="..\..\examples\JvUIB\BCB\Stream\QueryStream.bpr"/>
  <File Name="..\..\examples\JvUIB\BCB\ThreadedQueries\ThQuery.bpr"/>
  <File Name="..\..\examples\JvUltimDBGrid\ADO\BCB\Project1.bpr"/>
  <File Name="..\..\examples\JvUltimDBGrid\ADO\BCB\Project1_C5.bpr"/>
  <File Name="..\..\examples\JvUltimDBGrid\BDE\BCB\Project1.bpr"/>
  <File Name="..\..\examples\JvUltimDBGrid\BDE\BCB\Project1_C5.bpr"/>
  <File Name="..\..\examples\JvUninstallControls\BCB\JvUninstallCtrlsDemo.bpr"/>
  <File Name="..\..\examples\JvUrlListGrabber\BCB\JvUrlListGrabberDemo.bpr"/>
  <File Name="..\..\examples\JvWindowsTitle\BCB\JvWindowsTitleProj.bpr"/>
  <File Name="..\..\examples\JvWndProcHook\BCB\WndProcHookDemo.bpr"/>
  <File Name="..\..\examples\JvXPControls\JvXPBar\BCB\JvXPBarDemo.bpr"/>
  <File Name="..\..\examples\JvXPControls\Simple\BCB\JvXPControlsSimpleDemo.bpr"/>
  <File Name="..\..\examples\JvZoom\BCB\JvZoomExample.bpr"/>
  <File Name="..\..\examples\RaLib\RaControls\B3_RAControls.bpr"/>
  <File Name="..\..\examples\RaLib\RaControls\B4_RAControls.bpr"/>
  <File Name="..\..\examples\RaLib\RaControls\B5_RAControls.bpr"/>
  <File Name="..\..\examples\RaLib\RaDBMove\B4_DBMove.bpr"/>
  <File Name="..\..\examples\RaLib\RaDBTreeView\B3_DBTree.bpr"/>
  <File Name="..\..\examples\RaLib\RaDBTreeView\B4_DBTree.bpr"/>
  <File Name="..\..\examples\RaLib\RaEditor\B3_RAEditorTest.bpr"/>
  <File Name="..\..\examples\RaLib\RaEditor\B4_RAEditorTest.bpr"/>
  <File Name="..\..\examples\RaLib\RaEditor\B5_RAEditorTest.bpr"/>
  <File Name="..\..\examples\RaLib\RaHtHints\B4_ColorHintsTest.bpr"/>
  <File Name="..\..\examples\RaLib\RaHtHints\B5_ColorHintsTest.bpr"/>
  <File Name="..\..\examples\RaLib\RaInterpreter\B4_RAI2Test.bpr"/>
  <File Name="..\..\examples\RaLib\RaInterpreter\B5_RAI2Test.bpr"/>
  <File Name="..\..\examples\RaLib\RaInterpreterEndUser\B4_RAI2EndUser.bpr"/>
  <File Name="..\..\examples\RaLib\RaInterpreterEndUser\B5_RAI2EndUser.bpr"/>
  <File Name="..\..\examples\RaLib\RaInterpreterNotepad\B4_RANotepad.bpr"/>
  <File Name="..\..\examples\RaLib\RaInterpreterNotepad\B5_RANotepad.bpr"/>
  <File Name="..\..\packages\c5\Jv3rdC5R.bpk"/>
  <File Name="..\..\packages\c5\JvAppFrmC5D.bpk"/>
  <File Name="..\..\packages\c5\JvAppFrmC5R.bpk"/>
  <File Name="..\..\packages\c5\JvBandsC5D.bpk"/>
  <File Name="..\..\packages\c5\JvBandsC5R.bpk"/>
  <File Name="..\..\packages\c5\JvBDEC5D.bpk"/>
  <File Name="..\..\packages\c5\JvBDEC5R.bpk"/>
  <File Name="..\..\packages\c5\JvCmpC5D.bpk"/>
  <File Name="..\..\packages\c5\JvCmpC5R.bpk"/>
  <File Name="..\..\packages\c5\JvCoreC5D.bpk"/>
  <File Name="..\..\packages\c5\JvCoreC5R.bpk"/>
  <File Name="..\..\packages\c5\JvCryptC5D.bpk"/>
  <File Name="..\..\packages\c5\JvCryptC5R.bpk"/>
  <File Name="..\..\packages\c5\JvCtrlsC5D.bpk"/>
  <File Name="..\..\packages\c5\JvCtrlsC5R.bpk"/>
  <File Name="..\..\packages\c5\JvCustomC5D.bpk"/>
  <File Name="..\..\packages\c5\JvCustomC5R.bpk"/>
  <File Name="..\..\packages\c5\JvDBC5D.bpk"/>
  <File Name="..\..\packages\c5\JvDBC5R.bpk"/>
  <File Name="..\..\packages\c5\JvDlgsC5D.bpk"/>
  <File Name="..\..\packages\c5\JvDlgsC5R.bpk"/>
  <File Name="..\..\packages\c5\JvDockingC5D.bpk"/>
  <File Name="..\..\packages\c5\JvDockingC5R.bpk"/>
  <File Name="..\..\packages\c5\JvDotNetCtrlsC5D.bpk"/>
  <File Name="..\..\packages\c5\JvDotNetCtrlsC5R.bpk"/>
  <File Name="..\..\packages\c5\JvGlobusC5D.bpk"/>
  <File Name="..\..\packages\c5\JvGlobusC5R.bpk"/>
  <File Name="..\..\packages\c5\JvHMIC5D.bpk"/>
  <File Name="..\..\packages\c5\JvHMIC5R.bpk"/>
  <File Name="..\..\packages\c5\JvInspectorC5D.bpk"/>
  <File Name="..\..\packages\c5\JvInspectorC5R.bpk"/>
  <File Name="..\..\packages\c5\JvInterpreterC5D.bpk"/>
  <File Name="..\..\packages\c5\JvInterpreterC5R.bpk"/>
  <File Name="..\..\packages\c5\JvJansC5D.bpk"/>
  <File Name="..\..\packages\c5\JvJansC5R.bpk"/>
  <File Name="..\..\packages\c5\JvManagedThreadsC5D.bpk"/>
  <File Name="..\..\packages\c5\JvManagedThreadsC5R.bpk"/>
  <File Name="..\..\packages\c5\JvMMC5D.bpk"/>
  <File Name="..\..\packages\c5\JvMMC5R.bpk"/>
  <File Name="..\..\packages\c5\JvNetC5D.bpk"/>
  <File Name="..\..\packages\c5\JvNetC5R.bpk"/>
  <File Name="..\..\packages\c5\JvPageCompsC5D.bpk"/>
  <File Name="..\..\packages\c5\JvPageCompsC5R.bpk"/>
  <File Name="..\..\packages\c5\JvPluginC5D.bpk"/>
  <File Name="..\..\packages\c5\JvPluginC5R.bpk"/>
  <File Name="..\..\packages\c5\JvPrintPreviewC5D.bpk"/>
  <File Name="..\..\packages\c5\JvPrintPreviewC5R.bpk"/>
  <File Name="..\..\packages\c5\JvStdCtrlsC5D.bpk"/>
  <File Name="..\..\packages\c5\JvStdCtrlsC5R.bpk"/>
  <File Name="..\..\packages\c5\JvSystemC5D.bpk"/>
  <File Name="..\..\packages\c5\JvSystemC5R.bpk"/>
  <File Name="..\..\packages\c5\JvTimeFrameworkC5D.bpk"/>
  <File Name="..\..\packages\c5\JvTimeFrameworkC5R.bpk"/>
  <File Name="..\..\packages\c5\JvUIBC5D.bpk"/>
  <File Name="..\..\packages\c5\JvUIBC5R.bpk"/>
  <File Name="..\..\packages\c5\JvValidatorsC5D.bpk"/>
  <File Name="..\..\packages\c5\JvValidatorsC5R.bpk"/>
  <File Name="..\..\packages\c5\JvWizardC5D.bpk"/>
  <File Name="..\..\packages\c5\JvWizardC5R.bpk"/>
  <File Name="..\..\packages\c5\JvXPCtrlsC5D.bpk"/>
  <File Name="..\..\packages\c5\JvXPCtrlsC5R.bpk"/>
  <File Name="..\..\packages\c5\template.bpk"/>
  <File Name="..\..\packages\c5std\JvDotNetCtrlsC5R.bpk"/>
  <File Name="..\..\packages\c5std\JvGlobusC5D.bpk"/>
  <File Name="..\..\packages\c5std\JvGlobusC5R.bpk"/>
  <File Name="..\..\packages\c5std\JvInspectorC5R.bpk"/>
  <File Name="..\..\packages\c5std\JvInterpreterC5D.bpk"/>
  <File Name="..\..\packages\c5std\JvInterpreterC5R.bpk"/>
  <File Name="..\..\packages\c5std\JvUIBC5R.bpk"/>
  <File Name="..\..\packages\c5std\template.bpk"/>
  <File Name="..\..\packages\c6\Jv3rdC6R.bpk"/>
  <File Name="..\..\packages\c6\JvAppFrmC6D.bpk"/>
  <File Name="..\..\packages\c6\JvAppFrmC6R.bpk"/>
  <File Name="..\..\packages\c6\JvBandsC6D.bpk"/>
  <File Name="..\..\packages\c6\JvBandsC6R.bpk"/>
  <File Name="..\..\packages\c6\JvBDEC6D.bpk"/>
  <File Name="..\..\packages\c6\JvBDEC6R.bpk"/>
  <File Name="..\..\packages\c6\JvCmpC6D.bpk"/>
  <File Name="..\..\packages\c6\JvCmpC6R.bpk"/>
  <File Name="..\..\packages\c6\JvCoreC6D.bpk"/>
  <File Name="..\..\packages\c6\JvCoreC6R.bpk"/>
  <File Name="..\..\packages\c6\JvCryptC6D.bpk"/>
  <File Name="..\..\packages\c6\JvCryptC6R.bpk"/>
  <File Name="..\..\packages\c6\JvCtrlsC6D.bpk"/>
  <File Name="..\..\packages\c6\JvCtrlsC6R.bpk"/>
  <File Name="..\..\packages\c6\JvCustomC6D.bpk"/>
  <File Name="..\..\packages\c6\JvCustomC6R.bpk"/>
  <File Name="..\..\packages\c6\JvDBC6D.bpk"/>
  <File Name="..\..\packages\c6\JvDBC6R.bpk"/>
  <File Name="..\..\packages\c6\JvDlgsC6D.bpk"/>
  <File Name="..\..\packages\c6\JvDlgsC6R.bpk"/>
  <File Name="..\..\packages\c6\JvDockingC6D.bpk"/>
  <File Name="..\..\packages\c6\JvDockingC6R.bpk"/>
  <File Name="..\..\packages\c6\JvDotNetCtrlsC6D.bpk"/>
  <File Name="..\..\packages\c6\JvDotNetCtrlsC6R.bpk"/>
  <File Name="..\..\packages\c6\JvGlobusC6D.bpk"/>
  <File Name="..\..\packages\c6\JvGlobusC6R.bpk"/>
  <File Name="..\..\packages\c6\JvHMIC6D.bpk"/>
  <File Name="..\..\packages\c6\JvHMIC6R.bpk"/>
  <File Name="..\..\packages\c6\JvInspectorC6D.bpk"/>
  <File Name="..\..\packages\c6\JvInspectorC6R.bpk"/>
  <File Name="..\..\packages\c6\JvInterpreterC6D.bpk"/>
  <File Name="..\..\packages\c6\JvInterpreterC6R.bpk"/>
  <File Name="..\..\packages\c6\JvJansC6D.bpk"/>
  <File Name="..\..\packages\c6\JvJansC6R.bpk"/>
  <File Name="..\..\packages\c6\JvManagedThreadsC6D.bpk"/>
  <File Name="..\..\packages\c6\JvManagedThreadsC6R.bpk"/>
  <File Name="..\..\packages\c6\JvMMC6D.bpk"/>
  <File Name="..\..\packages\c6\JvMMC6R.bpk"/>
  <File Name="..\..\packages\c6\JvNetC6D.bpk"/>
  <File Name="..\..\packages\c6\JvNetC6R.bpk"/>
  <File Name="..\..\packages\c6\JvPageCompsC6D.bpk"/>
  <File Name="..\..\packages\c6\JvPageCompsC6R.bpk"/>
  <File Name="..\..\packages\c6\JvPluginC6D.bpk"/>
  <File Name="..\..\packages\c6\JvPluginC6R.bpk"/>
  <File Name="..\..\packages\c6\JvPrintPreviewC6D.bpk"/>
  <File Name="..\..\packages\c6\JvPrintPreviewC6R.bpk"/>
  <File Name="..\..\packages\c6\JvStdCtrlsC6D.bpk"/>
  <File Name="..\..\packages\c6\JvStdCtrlsC6R.bpk"/>
  <File Name="..\..\packages\c6\JvSystemC6D.bpk"/>
  <File Name="..\..\packages\c6\JvSystemC6R.bpk"/>
  <File Name="..\..\packages\c6\JvTimeFrameworkC6D.bpk"/>
  <File Name="..\..\packages\c6\JvTimeFrameworkC6R.bpk"/>
  <File Name="..\..\packages\c6\JvUIBC6D.bpk"/>
  <File Name="..\..\packages\c6\JvUIBC6R.bpk"/>
  <File Name="..\..\packages\c6\JvValidatorsC6D.bpk"/>
  <File Name="..\..\packages\c6\JvValidatorsC6R.bpk"/>
  <File Name="..\..\packages\c6\JvWizardC6D.bpk"/>
  <File Name="..\..\packages\c6\JvWizardC6R.bpk"/>
  <File Name="..\..\packages\c6\JvXPCtrlsC6D.bpk"/>
  <File Name="..\..\packages\c6\JvXPCtrlsC6R.bpk"/>
  <File Name="..\..\packages\c6\template.bpk"/>
  <File Name="..\..\packages\c6per\JvDotNetCtrlsC6R.bpk"/>
  <File Name="..\..\packages\c6per\JvGlobusC6R.bpk"/>
  <File Name="..\..\packages\c6per\JvInspectorC6R.bpk"/>
  <File Name="..\..\packages\c6per\JvInterpreterC6R.bpk"/>
  <File Name="..\..\packages\c6per\JvUIBC6R.bpk"/>
  <File Name="..\..\packages\c6per\template.bpk"/>
</FileList>
