<?xml version="1.0" encoding="Windows-1252" standalone="no"?>
<Configuration>
  <Program_Version Version="1.9 Alpha">
    <DownloadPasswordRequired>FALSE</DownloadPasswordRequired>
    <LocalInstallerParams>TestParameter</LocalInstallerParams>
    <ProgramLocationPath>Version Check\Remote\files</ProgramLocationPath>
    <ProgramLocationFileName>test.cmd</ProgramLocationFileName>
    <ProgramVersion>1.9</ProgramVersion>
    <ProgramReleaseType>prtAlpha</ProgramReleaseType>
    <ProgramSize>20000</ProgramSize>
    <ProgramReleaseDate>12.12.2004</ProgramReleaseDate>
    <ItemName>1.9</ItemName>
  </Program_Version>
  <Program_Version Version="1.8.1 Beta">
    <DownloadPasswordRequired>FALSE</DownloadPasswordRequired>
    <LocalInstallerParams/>
    <ProgramLocationPath>Version Check\Remote\files</ProgramLocationPath>
    <ProgramLocationFileName>Balls.exe</ProgramLocationFileName>
    <ProgramVersion>1.8.1</ProgramVersion>
    <ProgramReleaseType>prtBeta</ProgramReleaseType>
    <ProgramSize>12000000</ProgramSize>
    <ProgramReleaseDate>12.10.2004</ProgramReleaseDate>
    <ItemName>1.8.1</ItemName>
  </Program_Version>
  <Program_Version Version="1.7 Beta">
    <DownloadPasswordRequired>FALSE</DownloadPasswordRequired>
    <LocalInstallerParams/>
    <ProgramLocationPath>Version Check\Remote\files</ProgramLocationPath>
    <ProgramLocationFileName/>
    <ProgramVersion>1.7</ProgramVersion>
    <ProgramReleaseType>prtBeta</ProgramReleaseType>
    <ProgramSize>12000000</ProgramSize>
    <ProgramReleaseDate>10.10.2004</ProgramReleaseDate>
    <ItemName>1.7</ItemName>
  </Program_Version>
  <Program_Version Version="1.6.1.1 Production">
    <DownloadPasswordRequired>FALSE</DownloadPasswordRequired>
    <LocalInstallerParams/>
    <ProgramLocationPath>Version Check\Remote\files</ProgramLocationPath>
    <ProgramLocationFileName>JvParameterListDemo.exe</ProgramLocationFileName>
    <ProgramVersion>1.6.1.1</ProgramVersion>
    <VersionDescription>
      <Item>Das ist ein test</Item>
    </VersionDescription>
    <ProgramReleaseType>prtProduction</ProgramReleaseType>
    <ProgramSize>1000000</ProgramSize>
    <ProgramReleaseDate>12.08.2004</ProgramReleaseDate>
    <ItemName>1.6.1.1</ItemName>
  </Program_Version>
  <CurrentProductionProgramVersion>1.6.1.1</CurrentProductionProgramVersion>
  <CurrentBetaProgramVersion>1.8.1</CurrentBetaProgramVersion>
  <CurrentAlphaProgramVersion>1.9</CurrentAlphaProgramVersion>
</Configuration>
