﻿<?xml version="1.0" encoding="UTF-8"?>
<ExportData xmlns="http://www.1c.ru/EquipmentService/2.0.0.3" xmlns:xs="http://www.w3.org/2001/XMLSchema" xmlns:xsi="http://www.w3.org/2001/XMLSchema-instance" FormatVersion="2003" Processed="2017-09-07T10:18:44">
	<Settings>
		<CompanyName>Ромашка</CompanyName>
		<StoreName>Одуванчик</StoreName>
		<TaxationSystems>
			<TaxationSystem>0</TaxationSystem>
			<TaxationSystem>4</TaxationSystem>
			<TaxationSystem>5</TaxationSystem>
		</TaxationSystems>
		<INN>123456789012</INN>
		<KPP>987654321098</KPP>
		<SaleAddress>Москва, Дмитровское шоссе д.9</SaleAddress>
		<SaleLocation>4 этаж</SaleLocation>
		<SenderEmail>test@1c.ru</SenderEmail>
		<AllowDiscounts>true</AllowDiscounts>
		<AllowPaymentCards>true</AllowPaymentCards>
		<ElectronicPaymentOptions>
			<ElectronicPaymentOption Code="1" ElectronicPaymentType="1" Name="Карта Мир" UUID="aa7c50b8-028c-4746-83a4-a72c29048e80"/>
			<ElectronicPaymentOption Code="2" ElectronicPaymentType="1" Name="Карта Visa" UUID="e20797dc-ccd1-4cbe-b211-b780188e2eaa"/>
		</ElectronicPaymentOptions>
	</Settings>
	<PriceList>
		<Groups>
			<Group Code="10" Name="Общая группа" UUID="253f7757-d94d-44ea-a237-086a6cf5b0e1"/>
			<Group Code="1" Name="Прочие товары" UUID="444da10c-de67-46c9-b0fc-0c86d89a96aa" ParentGroupCode="10" ParentGroupUUID="253f7757-d94d-44ea-a237-086a6cf5b0e1"/>
			<Group Code="2" Name="Алкоголь" UUID="46007263-6070-4c13-8a58-f5258c9c34b8" ParentGroupCode="10" ParentGroupUUID="253f7757-d94d-44ea-a237-086a6cf5b0e1"/>
			<Group Code="3" Name="Агентские услуги" UUID="20516af3-b275-498b-9b03-23ab14e8c958" ParentGroupCode="10" ParentGroupUUID="253f7757-d94d-44ea-a237-086a6cf5b0e1"/>
		</Groups>
		<Units>
			<Unit Code="1" Name="шт." UUID="b63f92f6-d8bf-4921-812e-50c01515cc2f" OKEICode="796"/>
		</Units>
		<AgentsData>
			<AgentData Code="33" UUID="45872fc3-767d-49d2-926c-45dcd91adc27" AgentType="2" AgentOperation="Операция платежного агента" AgentPhone="777 555 55 77" PaymentProcessorPhone="777 555 55 55" AcquirerOperatorPhone="777 555 55 66" AcquirerOperatorName="Наименование оператора" AcquirerOperatorAddress="Москва, ул. Ленина 1" AcquirerOperatorINN="5555555555"/>
		</AgentsData>
		<VendorsData>
			<VendorData Code="44" UUID="6982860e-7655-4648-9547-3259bd8d0914" VendorPhone="777 555 55 45" VendorName="Ладушки" VendorINN="0001110101"/>
		</VendorsData>
		<Goods>
			<Good Code="100" Department="1" Description="3 скорости" Article="ВН-900" GroupUUID="0608b9cb-ba98-431c-b560-a288f6d43ffc" GroupCode="1" UnitUUID="b63f92f6-d8bf-4921-812e-50c01515cc2f" UnitCode="1" CalculationSubject="1" TaxRate="18" Name="Вентилятор настольный" UUID="204ddd0f-db2c-4e5b-8b30-7a0f2f71875a" Balance="5" Price="2480">
				<Barcodes>
					<Barcode Value="2000019197966" Type="EAN13"/>
					<Barcode Value="2100020307795"/>
				</Barcodes>
			</Good>
			<Good Code="200" IsAlcohol="true" Department="2" GroupUUID="0a18372d-3f06-4580-899a-b520ac9f241f" GroupCode="2" UnitUUID="b63f92f6-d8bf-4921-812e-50c01515cc2f" UnitCode="1" CalculationSubject="2" TaxRate="18" Name="Настойка горькая &quot;Лесной ручей кедровая&quot;" UUID="8194894a-5b38-41a3-910d-fa93f63580d2" Balance="3" Price="1444">
				<Barcodes>
					<Barcode Value="2100020307801"/>
				</Barcodes>
				<Alcohol IsExcisable="true" AlcoholKindCode="229" AlcoholContainerSize="0.5" AlcoholStrength="40" VendorINN="1111111111" VendorKPP="222222222" IsDraught="false"/>
			</Good>
			<Good HasCharacteristics="true" Department="1" Article="К-3140 " GroupUUID="0608b9cb-ba98-431c-b560-a288f6d43ffc" GroupCode="1" UnitUUID="b63f92f6-d8bf-4921-812e-50c01515cc2f" UnitCode="1" CalculationSubject="1" TaxRate="10" Name="Куртка" UUID="204ddd0f-db2c-4e5b-8b30-7a0f2f71875a">
				<Characteristics>
					<Characteristic Code="300" Name="Белая" UUID="b358867a-8c94-4658-be01-066c1cdffe28" Balance="15" Price="1299">
						<Barcodes>
							<Barcode Value="2500001006769"/>
						</Barcodes>
					</Characteristic>
					<Characteristic Code="400" Name="Черная" UUID="b333910f-d65d-4344-9919-99d3d4f43619" Balance="10" Price="1350">
						<Barcodes>
							<Barcode Value="2100020307818"/>
						</Barcodes>
					</Characteristic>
				</Characteristics>
			</Good>
			<Good Code="500" HasPacks="true" Department="1" GroupUUID="0608b9cb-ba98-431c-b560-a288f6d43ffc" GroupCode="1" UnitUUID="b63f92f6-d8bf-4921-812e-50c01515cc2f" UnitCode="1" CalculationSubject="1" TaxRate="0" Name="Шоколадный батончик" UUID="92970ed7-f747-4db8-8160-fb357f456b18" Balance="20" Price="10">
				<Barcodes>
					<Barcode Value="2100020307832"/>
				</Barcodes>
				<Packs>
					<Pack Code="510" Name="Упаковка" UnitsPerPack="24" UUID="1e61fdfa-0dc3-43cf-a885-e9e0e33f83ae" Balance="8" Price="240">
						<Barcodes>
							<Barcode Value="2100020307825"/>
						</Barcodes>
					</Pack>
				</Packs>
			</Good>
			<Good HasCharacteristics="true" Department="1" GroupUUID="0608b9cb-ba98-431c-b560-a288f6d43ffc" GroupCode="1" UnitUUID="b63f92f6-d8bf-4921-812e-50c01515cc2f" UnitCode="1" CalculationSubject="1" TaxRate="10" Name="Футболка" UUID="6b60380c-bce8-44db-bf94-7957572d2afe">
				<Characteristics>
					<Characteristic Code="900" HasPacks="true" Name="Желтая" UUID="f7f92464-b12a-4ee5-b055-49c0ed781685" Balance="2" Price="300">
						<Barcodes>
							<Barcode Value="20009656"/>
						</Barcodes>
						<Packs>
							<Pack Code="700" Name="Коробка бол." UnitsPerPack="10" UUID="3d66f6f8-d70b-46e9-848e-78ed3199936b" Balance="5" Price="3000"/>
							<Pack Code="800" Name="Коробка мал." UnitsPerPack="5" UUID="f4cad1ba-0b59-4945-8050-07a548ad2030" Balance="10" Price="1500"/>
						</Packs>
					</Characteristic>
				</Characteristics>
			</Good>
			<Good Code="600" VendorDataUUID="6982860e-7655-4648-9547-3259bd8d0914" VendorDataCode="44" AgentDataUUID="45872fc3-767d-49d2-926c-45dcd91adc27" AgentDataCode="33" GroupUUID="20516af3-b275-498b-9b03-23ab14e8c958" GroupCode="3" CalculationSubject="4" TaxRate="18" Name="Платеж" UUID="204ddd0f-db2c-4e5b-8b30-7a0f2f71875a"/>
		</Goods>
	</PriceList>
	<Orders>
		<Order Date="2017-10-05T14:58:47" Number="15" UUID="da85c628-560e-4a55-8c54-ee2b40a43995" AddressCity="Москва" AddressStreet="Кирова" AddressBuilding="9" AddressApartment="5" AddressEntrance="6" AddressFloor="2" Phone="4957244549" Email="adress_email@yandex.com" DeliveryDate="2017-10-05T14:58:47" Status="Согласован" Comment="Подъем на этаж" FirstName="Петр" LastName="Петров">
			<Goods>
				<Good Code="100" Quantity="2" Price="2480" Sum="4960" GoodUUID="204ddd0f-db2c-4e5b-8b30-7a0f2f71875a"/>
				<Good Code="400" Quantity="3" Price="240" Sum="720" GoodUUID="92970ed7-f747-4db8-8160-fb357f456b18" PackUUID="1e61fdfa-0dc3-43cf-a885-e9e0e33f83ae"/>
			</Goods>
			<Payments>
				<Payment Cash="0" ElectronicPayment="2000" PrePayment="0" PostPayment="0" Barter="0" ElectronicPaymentOptionCode="1" ElectronicPaymentOptionUUID="aa7c50b8-028c-4746-83a4-a72c29048e80"/>
			</Payments>
		</Order>
	</Orders>
</ExportData>