﻿<?xml version="1.0" encoding="UTF-8"?>
<ImportData xmlns="http://www.1c.ru/EquipmentService/2.0.0.3" xmlns:xs="http://www.w3.org/2001/XMLSchema" xmlns:xsi="http://www.w3.org/2001/XMLSchema-instance" FormatVersion="2003">
	<SaleReports>
		<SaleReport ShiftNumber="00000000002" OpeningDate="2017-10-09T10:16:31" ClosingDate="2017-10-09T10:17:29" UUID="c5f4b011-acc1-11e7-9499-005056c00008">
			<Checks>
				<Check Date="2017-10-09T10:16:31" Number="3" TaxationSystem="0" OperationType="1" UUID="c5f4b00d-acc1-11e7-9499-005056c00008">
					<Goods>
						<Good Code="300" Quantity="1" Price="1299" Sum="1299" TaxRate="10" PaymentMethod="4"/>
						<Good Code="400" Quantity="3" Price="1350" Sum="4050" TaxRate="10" PaymentMethod="4"/>
					</Goods>
					<Payments>
						<Payment Cash="5349" ElectronicPayment="0" PrePayment="0" PostPayment="0" Barter="0"/>
					</Payments>
				</Check>
				<Check Date="2017-10-09T10:16:57" Number="4" TaxationSystem="0" OperationType="1" UUID="c5f4b00e-acc1-11e7-9499-005056c00008" RefDocumentUUID="da85c628-560e-4a55-8c54-ee2b40a43995" RefDocumentType="Order">
					<Goods>
						<Good Code="100" Quantity="2" Price="2480" Sum="4960" TaxRate="18" PaymentMethod="4"/>
						<Good Code="400" Quantity="3" Price="240" Sum="720" TaxRate="10" PaymentMethod="4"/>
					</Goods>
					<Payments>
						<Payment Cash="0" ElectronicPayment="5680" PrePayment="0" PostPayment="0" Barter="0" ElectronicPaymentOptionCode="2"/>
					</Payments>
				</Check>
			</Checks>
			<IncomeOutcomeChecks>
				<IncomeOutcomeCheck Date="2017-10-09T10:17:26" Number="000000003" Type="Income" Sum="5" UUID="c5f4b00f-acc1-11e7-9499-005056c00008"/>
				<IncomeOutcomeCheck Date="2017-10-09T10:17:29" Number="000000004" Type="Outcome" Sum="5354" UUID="c5f4b010-acc1-11e7-9499-005056c00008"/>
			</IncomeOutcomeChecks>
		</SaleReport>
		<SaleReport ShiftNumber="00000000004" OpeningDate="2017-10-09T14:51:17" ClosingDate="2017-10-09T14:51:40" UUID="a5e87b99-ace7-11e7-9499-005056c00008">
			<Checks>
				<Check Date="2017-10-09T14:51:18" Number="6" TaxationSystem="0" OperationType="2" UUID="a5e87b96-ace7-11e7-9499-005056c00008" RefDocumentUUID="a5e87b92-ace7-11e7-9499-005056c00008" RefDocumentType="Check">
					<Goods>
						<Good Code="100" Quantity="1" Price="2480" Sum="2480" TaxRate="18" PaymentMethod="4"/>
					</Goods>
					<Payments>
						<Payment Cash="2480" ElectronicPayment="0" PrePayment="0" PostPayment="0" Barter="0"/>
					</Payments>
				</Check>
				<Check Date="2017-10-09T14:51:28" Number="7" TaxationSystem="0" OperationType="1" UUID="a5e87b97-ace7-11e7-9499-005056c00008">
					<Goods>
						<Good Code="500" Quantity="1" Price="10" Sum="10" TaxRate="0" PaymentMethod="4"/>
						<Good Code="510" Quantity="1" Price="240" Sum="240" TaxRate="0" PaymentMethod="4"/>
					</Goods>
					<Payments>
						<Payment Cash="0" ElectronicPayment="250" PrePayment="0" PostPayment="0" Barter="0" ElectronicPaymentOptionCode="2"/>
					</Payments>
				</Check>
			</Checks>
			<IncomeOutcomeChecks>
				<IncomeOutcomeCheck Date="2017-10-09T14:51:38" Number="000000006" Type="Income" Sum="2" UUID="a5e87b98-ace7-11e7-9499-005056c00008"/>
			</IncomeOutcomeChecks>
		</SaleReport>
	</SaleReports>
</ImportData>