<?xml version="1.0" encoding="iso-8859-1"?>
<Configuration>
  <FormVersion>
    <FormVersion>0</FormVersion>
  </FormVersion>
  <ShowCmd>
    <ShowCmd>1</ShowCmd>
  </ShowCmd>
  <Flags>
    <Flags>0</Flags>
  </Flags>
  <PixelsPerInch>
    <PixelsPerInch>96</PixelsPerInch>
  </PixelsPerInch>
  <MinMaxPos(1280x1024)>
    <MinMaxPos(1280x1024)>-1,-1,-1,-1</MinMaxPos(1280x1024)>
  </MinMaxPos(1280x1024)>
  <MinMaxPos>
    <MinMaxPos>-1,-1,-1,-1</MinMaxPos>
  </MinMaxPos>
  <NormPos(1280x1024)>
    <NormPos(1280x1024)>238,278,653,632</NormPos(1280x1024)>
  </NormPos(1280x1024)>
  <NormPos>
    <NormPos>238,278,653,632</NormPos>
  </NormPos>
  <Visible>
    <Visible>0</Visible>
  </Visible>
  <.Memo2_Lines>
    <Count>1</Count>
    <Item0>avsdas</Item0>
  </.Memo2_Lines>
</Configuration>
